{
    "grad_mean": [
        0.0,
        0.0,
        0.0,
        0.0,
        0.0,
        0.0,
        0.0,
        0.0,
        0.0,
        0.0,
        0.0,
        0.0,
        0.0,
        0.0,
        0.0,
        0.0,
        0.0,
        0.0,
        0.0,
        0.0,
        0.0,
        0.0,
        0.0,
        0.0,
        0.0,
        0.0,
        0.0,
        0.0,
        0.0,
        0.0,
        0.0,
        0.0,
        0.0,
        0.0,
        0.0,
        0.0,
        0.0,
        0.0,
        0.0,
        0.0,
        0.0,
        0.0,
        0.0,
        0.0,
        0.0,
        0.0,
        0.0,
        0.0,
        0.0,
        0.0,
        0.0,
        0.0,
        0.0,
        0.0,
        0.0,
        0.0,
        0.0,
        0.0,
        0.0,
        0.0,
        0.0,
        0.0,
        0.0,
        0.0,
        0.0,
        0.0,
        0.0,
        0.0,
        0.0,
        0.0,
        0.0,
        0.0,
        0.0,
        0.0,
        0.0,
        0.0,
        0.0,
        0.0,
        0.0,
        0.0,
        0.0,
        0.0,
        0.0,
        0.0,
        0.0,
        0.0,
        0.0,
        0.0,
        0.0,
        0.0,
        0.0,
        0.0,
        0.0,
        0.0,
        0.0,
        0.0,
        0.0,
        0.0,
        0.0,
        0.0,
        0.0,
        0.0,
        0.0,
        0.0,
        0.0,
        0.0,
        0.0,
        0.0,
        0.0,
        0.0,
        0.0,
        0.0,
        0.0,
        0.0,
        0.0,
        0.0,
        0.0,
        0.0,
        0.0,
        0.0,
        0.0,
        0.0,
        0.0,
        0.0,
        0.0,
        0.0,
        0.0,
        0.0
    ],
    "loss_mean": [
        0.32779115438461304,
        0.06981129944324493,
        0.07734055817127228,
        0.03451988846063614,
        0.02401547133922577,
        0.007627441547811031,
        0.011578774079680443,
        0.030164487659931183,
        0.04399022087454796,
        0.01768863946199417,
        0.01867504045367241,
        0.02143944427371025,
        0.025935081765055656,
        0.03228431195020676,
        0.03377028554677963,
        0.044133733958005905,
        0.043485622853040695,
        0.041873715817928314,
        0.041744038462638855,
        0.042737286537885666,
        0.044974736869335175,
        0.05189000815153122,
        0.05032103881239891,
        0.05611075460910797,
        0.055800169706344604,
        0.050181157886981964,
        0.04763735458254814,
        0.05153888463973999,
        0.05407748371362686,
        0.05214529484510422,
        0.05827799066901207,
        0.058751583099365234,
        0.0670882910490036,
        0.06622331589460373,
        0.05470261722803116,
        0.05499837547540665,
        0.06143275648355484,
        0.07170167565345764,
        0.05064668878912926,
        0.05350404977798462,
        0.054490070790052414,
        0.06389015913009644,
        0.06046293303370476,
        0.05865387246012688,
        0.06325611472129822,
        0.07342694699764252,
        0.08701467514038086,
        0.09736527502536774,
        0.08250333368778229,
        0.08312176167964935,
        0.09284254163503647,
        0.09949210286140442,
        0.09053127467632294,
        0.09223461151123047,
        0.09364070743322372,
        0.10878773778676987,
        0.11492519080638885,
        0.12555190920829773,
        0.12489616870880127,
        0.12842558324337006,
        0.12584620714187622,
        0.12315616011619568,
        0.1335979551076889,
        0.1418224275112152,
        0.13839399814605713,
        0.143096923828125,
        0.1474330872297287,
        0.15720021724700928,
        0.1609496772289276,
        0.16497720777988434,
        0.1677899807691574,
        0.17389148473739624,
        0.17920371890068054,
        0.18832170963287354,
        0.19263789057731628,
        0.19335906207561493,
        0.205269455909729,
        0.21095356345176697,
        0.21629075706005096,
        0.22338199615478516,
        0.2247815579175949,
        0.2300737351179123,
        0.23633824288845062,
        0.24747052788734436,
        0.252114862203598,
        0.2602917551994324,
        0.2640347480773926,
        0.2688359022140503,
        0.27364760637283325,
        0.2776392698287964,
        0.2846471071243286,
        0.2923354208469391,
        0.29839545488357544,
        0.3043603301048279,
        0.310175359249115,
        0.3136352002620697,
        0.31790003180503845,
        0.32418930530548096,
        0.32880640029907227,
        0.3351554274559021,
        0.3406509757041931,
        0.3447902202606201,
        0.3486592173576355,
        0.3551546037197113,
        0.3592378497123718,
        0.36439740657806396,
        0.3708576560020447,
        0.3777483403682709,
        0.3815534710884094,
        0.3854183554649353,
        0.3893563747406006,
        0.3915993571281433,
        0.3959609866142273,
        0.39811253547668457,
        0.39982831478118896,
        0.40244945883750916,
        0.4045252501964569,
        0.40722817182540894,
        0.4089484214782715,
        0.4107986390590668,
        0.41325968503952026,
        0.41499966382980347,
        0.4165378510951996,
        0.4163815975189209,
        0.41516822576522827,
        0.4158620536327362,
        0.41691410541534424,
        0.41686686873435974
    ]
}